Title,Media URL,Pinterest board,Description,Link,Publish date,Keywords
A free cinematic scene for your D&D table.,https://endocraft.app/free/pins/pin_crossroads-shrine.jpg,"Dark Fantasy D&D Art, Bosses & Locations","A free cinematic scene for your D&D table. Cinematic, hand-curated D&D art for your table — grab it free at endocraft.app/free. Works with any 5e game.",https://endocraft.app/free/?utm_source=pinterest&utm_medium=pin&utm_campaign=pin2_crossroads-shrine,2026-07-24 15:00,"curse of strahd, dnd, dnd 5e, dungeon master, free dnd, dnd art"
They didn't get out in time — cinematic D&D scene,https://endocraft.app/free/pins/pin_burning-village.jpg,"Dark Fantasy D&D Art, Bosses & Locations","A cinematic, ready-to-drop gothic D&D scene for your Curse of Strahd or any 5e table — set the mood in seconds. AI-generated, human-curated. Grab a free scene at endocraft.app/free.",https://endocraft.app/studio/showroom/?utm_source=pinterest&utm_medium=pin&utm_campaign=pin_burning-village,2026-07-24 21:00,"curse of strahd, dnd, dnd 5e, dungeon master, dnd art, vtt"
The throne was never truly empty — cinematic D&D scene,https://endocraft.app/free/pins/pin_throne-hall.jpg,"Dark Fantasy D&D Art, Bosses & Locations","A cinematic, ready-to-drop gothic D&D scene — perfect as a boss arena for your Curse of Strahd or any 5e table. AI-generated, human-curated. Grab a free scene at endocraft.app/free.",https://endocraft.app/studio/showroom/?utm_source=pinterest&utm_medium=pin&utm_campaign=pin2_throne-hall,2026-07-25 15:00,"curse of strahd, dnd, dnd 5e, dungeon master, dnd art, vtt"
"Travel by night, if you dare — cinematic D&D scene",https://endocraft.app/free/pins/pin_blood-moon-road.jpg,"Dark Fantasy D&D Art, Bosses & Locations","A cinematic, ready-to-drop gothic D&D scene for your Curse of Strahd or any 5e table — set the mood in seconds. AI-generated, human-curated. Grab a free scene at endocraft.app/free.",https://endocraft.app/free/?utm_source=pinterest&utm_medium=pin&utm_campaign=pin_blood-moon-road,2026-07-25 21:00,"curse of strahd, dnd, dnd 5e, dungeon master, free dnd, dnd art"
Every campaign begins in a tavern — cinematic D&D scene,https://endocraft.app/free/pins/pin_tavern.jpg,"Dark Fantasy D&D Art, Bosses & Locations",Set the mood for your next D&D session with this cinematic gothic scene. Works with any 5e game. Free cinematic scene of your own character at endocraft.app/free.,https://endocraft.app/studio/showroom/?utm_source=pinterest&utm_medium=pin&utm_campaign=pin2_tavern,2026-07-26 15:00,"curse of strahd, dnd, dnd 5e, dungeon master, dnd art, vtt"
Something still prays here — cinematic D&D scene,https://endocraft.app/free/pins/pin_abbey-ruins.jpg,"Dark Fantasy D&D Art, Bosses & Locations","A cinematic, ready-to-drop gothic D&D scene for your Curse of Strahd or any 5e table — set the mood in seconds. AI-generated, human-curated. Grab a free scene at endocraft.app/free.",https://endocraft.app/studio/showroom/?utm_source=pinterest&utm_medium=pin&utm_campaign=pin_abbey-ruins,2026-07-26 21:00,"curse of strahd, dnd, dnd 5e, dungeon master, dnd art, vtt"
Not everything here stays buried — cinematic D&D scene,https://endocraft.app/free/pins/pin_hill-graveyard.jpg,"Dark Fantasy D&D Art, Bosses & Locations","A cinematic, ready-to-drop gothic D&D scene — perfect as an encounter scene for your Curse of Strahd or any 5e table. AI-generated, human-curated. Grab a free scene at endocraft.app/free.",https://endocraft.app/studio/showroom/?utm_source=pinterest&utm_medium=pin&utm_campaign=pin2_hill-graveyard,2026-07-27 15:00,"curse of strahd, dnd, dnd 5e, dungeon master, dnd art, vtt"
Free gothic scenes for your next session.,https://endocraft.app/free/pins/pin_forest-wisps.jpg,"Dark Fantasy D&D Art, Bosses & Locations","Free gothic scenes for your next session. Cinematic, hand-curated D&D art for your table — grab it free at endocraft.app/free. Works with any 5e game.",https://endocraft.app/free/?utm_source=pinterest&utm_medium=pin&utm_campaign=pin2_forest-wisps,2026-07-27 21:00,"curse of strahd, dnd, dnd 5e, dungeon master, free dnd, dnd art"
The bog remembers every step — cinematic D&D scene,https://endocraft.app/free/pins/pin_swamp-crossing.jpg,"Dark Fantasy D&D Art, Bosses & Locations","A cinematic, ready-to-drop gothic D&D scene for your Curse of Strahd or any 5e table — set the mood in seconds. AI-generated, human-curated. Grab a free scene at endocraft.app/free.",https://endocraft.app/studio/showroom/?utm_source=pinterest&utm_medium=pin&utm_campaign=pin_swamp-crossing,2026-07-28 15:00,"curse of strahd, dnd, dnd 5e, dungeon master, dnd art, vtt"
The books remember what people forget — cinematic D&D scene,https://endocraft.app/free/pins/pin_old-library.jpg,"Dark Fantasy D&D Art, Bosses & Locations",Set the mood for your next D&D session with this cinematic gothic scene. Works with any 5e game. Free cinematic scene of your own character at endocraft.app/free.,https://endocraft.app/studio/showroom/?utm_source=pinterest&utm_medium=pin&utm_campaign=pin2_old-library,2026-07-28 21:00,"curse of strahd, dnd, dnd 5e, dungeon master, dnd art, vtt"
The saints turned their backs — cinematic D&D scene,https://endocraft.app/free/pins/pin_cathedral-nave.jpg,"Dark Fantasy D&D Art, Bosses & Locations","A cinematic, ready-to-drop gothic D&D scene for your Curse of Strahd or any 5e table — set the mood in seconds. AI-generated, human-curated. Grab a free scene at endocraft.app/free.",https://endocraft.app/studio/showroom/?utm_source=pinterest&utm_medium=pin&utm_campaign=pin_cathedral-nave,2026-07-29 15:00,"curse of strahd, dnd, dnd 5e, dungeon master, dnd art, vtt"
Make a wish. It's listening — cinematic D&D scene,https://endocraft.app/free/pins/pin_cursed-well.jpg,"Dark Fantasy D&D Art, Bosses & Locations","A cinematic, ready-to-drop gothic D&D scene for your Curse of Strahd or any 5e table — set the mood in seconds. AI-generated, human-curated. Grab a free scene at endocraft.app/free.",https://endocraft.app/free/?utm_source=pinterest&utm_medium=pin&utm_campaign=pin_cursed-well,2026-07-29 21:00,"curse of strahd, dnd, dnd 5e, dungeon master, free dnd, dnd art"
The blades turn with no wind — cinematic D&D scene,https://endocraft.app/free/pins/pin_windmill-hill.jpg,"Dark Fantasy D&D Art, Bosses & Locations","A cinematic, ready-to-drop gothic D&D scene for your Curse of Strahd or any 5e table — set the mood in seconds. AI-generated, human-curated. Grab a free scene at endocraft.app/free.",https://endocraft.app/studio/showroom/?utm_source=pinterest&utm_medium=pin&utm_campaign=pin_windmill-hill,2026-07-30 15:00,"curse of strahd, dnd, dnd 5e, dungeon master, dnd art, vtt"
The only way onward is across — cinematic D&D scene,https://endocraft.app/free/pins/pin_frozen-gorge.jpg,"Dark Fantasy D&D Art, Bosses & Locations","A cinematic, ready-to-drop gothic D&D scene — perfect as a travel scene for your Curse of Strahd or any 5e table. AI-generated, human-curated. Grab a free scene at endocraft.app/free.",https://endocraft.app/studio/showroom/?utm_source=pinterest&utm_medium=pin&utm_campaign=pin2_frozen-gorge,2026-07-30 21:00,"curse of strahd, dnd, dnd 5e, dungeon master, dnd art, vtt"
Count the coffins. Twice — cinematic D&D scene,https://endocraft.app/free/pins/pin_catacomb-vault.jpg,"Dark Fantasy D&D Art, Bosses & Locations","A cinematic, ready-to-drop gothic D&D scene for your Curse of Strahd or any 5e table — set the mood in seconds. AI-generated, human-curated. Grab a free scene at endocraft.app/free.",https://endocraft.app/studio/showroom/?utm_source=pinterest&utm_medium=pin&utm_campaign=pin_catacomb-vault,2026-07-31 15:00,"curse of strahd, dnd, dnd 5e, dungeon master, dnd art, vtt"
Nobody in this village is smiling — cinematic D&D scene,https://endocraft.app/free/pins/pin_village-lane.jpg,"Dark Fantasy D&D Art, Bosses & Locations",Set the mood for your next D&D session with this cinematic gothic scene. Works with any 5e game. Free cinematic scene of your own character at endocraft.app/free.,https://endocraft.app/studio/showroom/?utm_source=pinterest&utm_medium=pin&utm_campaign=pin2_village-lane,2026-07-31 21:00,"curse of strahd, dnd, dnd 5e, dungeon master, dnd art, vtt"
Someone is still home — cinematic D&D scene,https://endocraft.app/free/pins/pin_frozen-lake-manor.jpg,"Dark Fantasy D&D Art, Bosses & Locations","A cinematic, ready-to-drop gothic D&D scene for your Curse of Strahd or any 5e table — set the mood in seconds. AI-generated, human-curated. Grab a free scene at endocraft.app/free.",https://endocraft.app/studio/showroom/?utm_source=pinterest&utm_medium=pin&utm_campaign=pin_frozen-lake-manor,2026-08-01 15:00,"curse of strahd, dnd, dnd 5e, dungeon master, dnd art, vtt"
One free cinematic of your character — on us.,https://endocraft.app/free/pins/pin_misty-lake.jpg,"Dark Fantasy D&D Art, Bosses & Locations","One free cinematic of your character — on us. Cinematic, hand-curated D&D art for your table — grab it free at endocraft.app/free. Works with any 5e game.",https://endocraft.app/free/?utm_source=pinterest&utm_medium=pin&utm_campaign=pin2_misty-lake,2026-08-01 21:00,"curse of strahd, dnd, dnd 5e, dungeon master, free dnd, dnd art"
Everyone's gone — cinematic D&D scene,https://endocraft.app/free/pins/pin_market-square-night.jpg,"Dark Fantasy D&D Art, Bosses & Locations","A cinematic, ready-to-drop gothic D&D scene for your Curse of Strahd or any 5e table — set the mood in seconds. AI-generated, human-curated. Grab a free scene at endocraft.app/free.",https://endocraft.app/free/?utm_source=pinterest&utm_medium=pin&utm_campaign=pin_market-square-night,2026-08-02 15:00,"curse of strahd, dnd, dnd 5e, dungeon master, free dnd, dnd art"
The dragon lifts its head — cinematic D&D scene,https://endocraft.app/free/pins/rpin_dragon.jpg,"Dark Fantasy D&D Art, Bosses & Locations","A cinematic, ready-to-drop dragon reveal for your 5e table — the classic showstopper, done properly. AI-generated, human-curated. Grab a free scene at endocraft.app/free.",https://endocraft.app/studio/showroom/?utm_source=pinterest&utm_medium=pin&utm_campaign=pin_dragon,2026-08-02 21:00,"dnd, dnd 5e, dungeon master, dragon, boss fight, dnd art"
When the Colossus finally moves — cinematic D&D boss reveal,https://endocraft.app/free/pins/rpin_colossus.jpg,"Dark Fantasy D&D Art, Bosses & Locations","A cinematic, ready-to-drop boss reveal for your 5e table — the kind of entrance that silences the room. AI-generated, human-curated. Grab a free scene at endocraft.app/free.",https://endocraft.app/studio/showroom/?utm_source=pinterest&utm_medium=pin&utm_campaign=pin_colossus,2026-08-03 15:00,"dnd, dnd 5e, dungeon master, boss fight, dnd art, homebrew"
The Lich rises — cinematic D&D boss reveal,https://endocraft.app/free/pins/rpin_lich.jpg,"Dark Fantasy D&D Art, Bosses & Locations","A cinematic, ready-to-drop boss reveal for your 5e table — the undead archmage your campaign has been building toward. AI-generated, human-curated. Free scene at endocraft.app/free.",https://endocraft.app/studio/showroom/?utm_source=pinterest&utm_medium=pin&utm_campaign=pin_lich,2026-08-03 21:00,"dnd, dnd 5e, dungeon master, lich, boss fight, dnd art"
The Hollow King takes the throne — cinematic D&D boss reveal,https://endocraft.app/free/pins/rpin_hollowking.jpg,"Dark Fantasy D&D Art, Bosses & Locations","A cinematic, ready-to-drop boss reveal for your 5e table — a villain entrance worthy of the final act. AI-generated, human-curated. Grab a free scene at endocraft.app/free.",https://endocraft.app/studio/showroom/?utm_source=pinterest&utm_medium=pin&utm_campaign=pin_hollowking,2026-08-04 15:00,"dnd, dnd 5e, dungeon master, boss fight, dnd art, homebrew"
Every eye opens at once — cinematic D&D boss reveal,https://endocraft.app/free/pins/rpin_beholder.jpg,"Dark Fantasy D&D Art, Bosses & Locations","A cinematic, ready-to-drop reveal of a many-eyed aberration for your 5e table — pure dread in one shot. AI-generated, human-curated. Grab a free scene at endocraft.app/free.",https://endocraft.app/studio/showroom/?utm_source=pinterest&utm_medium=pin&utm_campaign=pin_eyetyrant,2026-08-04 21:00,"dnd, dnd 5e, dungeon master, aberration, boss fight, dnd art"
The Warden wakes — cinematic D&D boss reveal,https://endocraft.app/free/pins/rpin_warden.jpg,"Dark Fantasy D&D Art, Bosses & Locations","A cinematic, ready-to-drop boss reveal for your 5e table — set the dread before the first initiative roll. AI-generated, human-curated. Grab a free scene at endocraft.app/free.",https://endocraft.app/studio/showroom/?utm_source=pinterest&utm_medium=pin&utm_campaign=pin_warden,2026-08-05 15:00,"dnd, dnd 5e, dungeon master, boss fight, dnd art, homebrew"
From saint to full bloom — a cinematic D&D transformation,https://endocraft.app/free/pins/rpin_bloomrot.jpg,"Dark Fantasy D&D Art, Bosses & Locations","A cinematic two-phase transformation for your table — the moment a quiet NPC becomes the thing your players will never forget. AI-generated, human-curated. Free scene at endocraft.app/free.",https://endocraft.app/studio/showroom/?utm_source=pinterest&utm_medium=pin&utm_campaign=pin_bloomrot,2026-08-05 21:00,"dnd, dnd 5e, dungeon master, boss fight, homebrew monster, dnd art"
The lady who won't stay dead — cinematic D&D villain reveal,https://endocraft.app/free/pins/rpin_katerina.jpg,"Dark Fantasy D&D Art, Bosses & Locations","A cinematic, ready-to-drop villain reveal for your gothic 5e table — grief turned into something far worse. AI-generated, human-curated. Grab a free scene at endocraft.app/free.",https://endocraft.app/studio/showroom/?utm_source=pinterest&utm_medium=pin&utm_campaign=pin_mourning_lady,2026-08-06 15:00,"curse of strahd, dnd, dnd 5e, dungeon master, gothic, dnd art"
